﻿colour_difference,result1,result1_time,result2,result2_time,result3,result3_time,result4,result4_time,result5,result5_time,result6,result6_time,result7,result7_time,result8,result8_time,result9,result9_time,result10,result10_time
-1,C,5770,S,8880,C,4900,C,4020,S,2910,C,4490,C,2910,C,3030,S,4830,C,2700
1,C,2150,C,4520,C,3330,C,4840,C,5590,S,7890,C,3680,IC,6620,C,4850,C,2380
-2,C,3290,C,2220,C,2620,C,2070,C,1980,C,1940,C,2360,C,2150,IC,3430,C,5090
2,C,5090,C,2500,C,2150,IC,3460,C,2320,C,1460,C,2040,IC,2700,IC,3520,C,3000
-3,C,2270,C,2100,C,5360,C,1860,C,2500,C,1970,C,1720,C,2920,C,1080,C,3350
3,C,2530,IC,2930,C,1500,IC,1560,C,1030,C,3300,C,2200,C,2890,C,1990,C,2930
