﻿colour_difference,result1,result1_time,result2,result2_time,result3,result3_time,result4,result4_time,result5,result5_time,result6,result6_time,result7,result7_time,result8,result8_time,result9,result9_time,result10,result10_time
-1,C,5850,C,3320,C,7630,C,8040,S,5590,IC,10740,C,12720,IC,6310,IC,8640,IC,6190
1,IC,9160,IC,7160,IC,10650,C,9090,C,2940,C,4740,C,9380,IC,6150,C,7810,IC,12630
-2,C,6180,C,11590,C,2780,IC,4040,C,6430,C,5860,C,2980,IC,9200,C,9430,C,7480
2,IC,2950,C,4680,C,3020,C,4340,C,4390,IC,11460,C,1740,IC,7830,C,8450,IC,6310
-3,C,3270,C,3080,C,2080,IC,2330,C,4180,IC,2420,C,4150,C,1820,C,2060,C,3100
3,C,2140,C,2710,C,2380,IC,3060,C,1790,C,2220,IC,4710,C,2560,IC,6230,C,3150
